Names,phoneNumbers
ODqWtVyvms,6374692674
WJlOsligBn,3772541751
EZsUpeIlyZ,4095809263
uJwpMSPMnE,8242648613
eIwCQkrUli,8198941367
jRqLgTmNPi,2031731559
XAbeCKLshV,3519193768
SavZqgySdJ,7414798808
fEsRMAjzsM,6870772072
cSmXBtBhOM,2049698687
acmBWyGLfR,1066742752
SFSUupukKJ,0242049668
IstrUOWnoE,9926033466
acpwkljFph,3625198453
LlxBhBJzhX,9686008838
BBKOJAqiGt,2657840297
mBVCmTIfrY,5783009361
eUybjDXSeG,2040700115
arFUWkuzyv,6400214956
AWmGHOIauV,3670574315
fBqeEeLcwK,5085233292
KjjsquniTa,2363807617
YSmdaWNFHB,0881692698
EhMzHcXlaR,3010446882
eDDqVUwoKu,2237570730
nbkYMLHLXH,7357328281
rDoAYHZLGx,1152830304
oDPYqeCdjq,3776200256
jqtxeHfbmQ,5552571400
QVkYUwpEkp,4232004528
hdNdycFcAC,4704203460
FXYsuerBPv,2189592771
ufaeOlzTHW,5619190708
nzSAizUvUD,5696921879
QVqzJahWIZ,6833072611
oUvnzBwnxb,6528959950
SznYgcUwTQ,3955407446
USrLIYoyKB,3532673192
jMqMvzRyqm,0729694946
tydjcOSrUJ,8409901587
UvHUhNWRsP,4064562924
OKfZzHSfKG,5840349946
vuffVdDkDE,3046995431
xicYENKJxE,3992907437
fbtBkdofWD,6103712002
LYbokhzYSR,4200791212
efzdstGtWl,6097999128
UaznLKkJmQ,6394173848
cGfXjewjRb,3948720231
mNbtaKiqik,0676406682
